{"cameraMode":{"drawMode":0,"name":"Shaded","section":"Shading Mode"},"sceneLighting":true,"audioPlay":false,"sceneViewState":{"m_AlwaysRefresh":false,"showFog":true,"showSkybox":true,"showFlares":true,"showImageEffects":true,"showParticleSystems":true,"showVisualEffectGraphs":true,"m_FxEnabled":true},"in2DMode":false,"pivot":{"x":727.0133666992188,"y":113.47505187988281,"z":-21.615570068359376},"rotation":{"x":0.16259734332561494,"y":-0.04586315155029297,"z":0.007566106505692005,"w":0.9855984449386597},"size":926.435302734375,"orthographic":false}