{"cameraMode":{"drawMode":0,"name":"Shaded","section":"Shading Mode"},"sceneLighting":true,"audioPlay":false,"sceneViewState":{"m_AlwaysRefresh":false,"showFog":true,"showSkybox":true,"showFlares":true,"showImageEffects":true,"showParticleSystems":true,"showVisualEffectGraphs":true,"m_FxEnabled":true},"in2DMode":false,"pivot":{"x":-0.365431010723114,"y":0.9199336767196655,"z":-2.5695858001708986},"rotation":{"x":-0.06742863357067108,"y":0.9146543145179749,"z":-0.3600256145000458,"w":-0.17119713127613069},"size":3.1021132469177248,"orthographic":false}