{"cameraMode":{"drawMode":0,"name":"Shaded","section":"Shading Mode"},"sceneLighting":true,"audioPlay":false,"sceneViewState":{"m_AlwaysRefresh":false,"showFog":true,"showSkybox":true,"showFlares":true,"showImageEffects":true,"showParticleSystems":true,"showVisualEffectGraphs":true,"m_FxEnabled":true},"in2DMode":false,"pivot":{"x":840.9439697265625,"y":1800.8370361328125,"z":-16.955886840820314},"rotation":{"x":-0.18640825152397157,"y":-0.0002418775111436844,"z":0.0000609229646215681,"w":-0.9824965000152588},"size":304.58612060546877,"orthographic":false}