{"cameraMode":{"drawMode":0,"name":"Shaded","section":"Shading Mode"},"sceneLighting":true,"audioPlay":false,"sceneViewState":{"m_AlwaysRefresh":false,"showFog":true,"showSkybox":true,"showFlares":true,"showImageEffects":true,"showParticleSystems":true,"showVisualEffectGraphs":true,"m_FxEnabled":true},"in2DMode":false,"pivot":{"x":0.4509960412979126,"y":-0.19328105449676515,"z":-1.537075400352478},"rotation":{"x":0.1321738213300705,"y":-0.8667440414428711,"z":0.31589460372924807,"w":0.36264485120773318},"size":4.681727886199951,"orthographic":false}