{"cameraMode":{"drawMode":0,"name":"Shaded","section":"Shading Mode"},"sceneLighting":true,"audioPlay":false,"sceneViewState":{"m_AlwaysRefresh":false,"showFog":true,"showSkybox":true,"showFlares":true,"showImageEffects":true,"showParticleSystems":true,"showVisualEffectGraphs":true,"m_FxEnabled":true},"in2DMode":false,"pivot":{"x":-0.8807249069213867,"y":-0.05832040309906006,"z":-0.6089667081832886},"rotation":{"x":-0.13142620027065278,"y":0.8317052125930786,"z":-0.22241811454296113,"w":-0.4914521276950836},"size":5.865670204162598,"orthographic":false}