{"cameraMode":{"drawMode":0,"name":"Shaded","section":"Shading Mode"},"sceneLighting":true,"audioPlay":false,"sceneViewState":{"m_AlwaysRefresh":false,"showFog":true,"showSkybox":true,"showFlares":true,"showImageEffects":true,"showParticleSystems":true,"showVisualEffectGraphs":true,"m_FxEnabled":true},"in2DMode":false,"pivot":{"x":1.6237907409667969,"y":0.5184887647628784,"z":-3.1569266319274904},"rotation":{"x":0.23399260640144349,"y":-0.6161707043647766,"z":0.1986982524394989,"w":0.7253768444061279},"size":6.797486305236816,"orthographic":false}