{"cameraMode":{"drawMode":0,"name":"Shaded","section":"Shading Mode"},"sceneLighting":true,"audioPlay":false,"sceneViewState":{"m_AlwaysRefresh":false,"showFog":true,"showSkybox":true,"showFlares":true,"showImageEffects":true,"showParticleSystems":true,"showVisualEffectGraphs":true,"m_FxEnabled":true},"in2DMode":false,"pivot":{"x":1.292210578918457,"y":2.6632041931152345,"z":-1.1554288864135743},"rotation":{"x":0.12229511141777039,"y":-0.8768930435180664,"z":0.3077249526977539,"w":0.34848135709762576},"size":10.031783103942871,"orthographic":false}