{"cameraMode":{"drawMode":0,"name":"Shaded","section":"Shading Mode"},"sceneLighting":false,"audioPlay":false,"sceneViewState":{"m_AlwaysRefresh":false,"showFog":true,"showSkybox":false,"showFlares":true,"showImageEffects":true,"showParticleSystems":true,"showVisualEffectGraphs":true,"m_FxEnabled":true},"in2DMode":false,"pivot":{"x":-0.00000286102294921875,"y":1.3602529764175416,"z":-0.00031062960624694824},"rotation":{"x":-0.025202283635735513,"y":-0.9309300780296326,"z":0.3583986461162567,"w":-0.06546245515346527},"size":2.1623408794403078,"orthographic":false}