{"cameraMode":{"drawMode":0,"name":"Shaded","section":"Shading Mode"},"sceneLighting":false,"audioPlay":false,"sceneViewState":{"m_AlwaysRefresh":false,"showFog":true,"showSkybox":false,"showFlares":true,"showImageEffects":true,"showParticleSystems":true,"showVisualEffectGraphs":true,"m_FxEnabled":true},"in2DMode":false,"pivot":{"x":8.103928565979004,"y":1.2044196128845215,"z":-2.434469699859619},"rotation":{"x":0.026429321616888047,"y":-0.9193180799484253,"z":0.3875992000102997,"w":0.06268720328807831},"size":2.3405113220214845,"orthographic":false}